

DROP TABLE IF EXISTS `legacy_channel_archive_urls`;
/*!40101 SET @saved_cs_client     = @@character_set_client */;
/*!40101 SET character_set_client = utf8 */;
CREATE TABLE `legacy_channel_archive_urls` (
  `UID` bigint(20) NOT NULL AUTO_INCREMENT,
  `CHANNEL_ID` bigint(20) NOT NULL,
  `CHANNEL_URL` varchar(2083) NOT NULL,
  `URL_TYPE` int(11) NOT NULL DEFAULT '0',
  `FILTER` varchar(20) DEFAULT NULL,
  `PRIORITY` int(11) NOT NULL DEFAULT '0',
  `ARCHIVE_LENGTH` int(11) NOT NULL DEFAULT '24',
  PRIMARY KEY (`UID`)
) ENGINE=InnoDB AUTO_INCREMENT=99 DEFAULT CHARSET=utf8 ROW_FORMAT=DYNAMIC;
/*!40101 SET character_set_client = @saved_cs_client */;

--
-- Dumping data for table `legacy_channel_archive_urls`
--

LOCK TABLES `legacy_channel_archive_urls` WRITE;
/*!40000 ALTER TABLE `legacy_channel_archive_urls` DISABLE KEYS */;
INSERT INTO `legacy_channel_archive_urls` VALUES (1,22,'http://192.168.34.51:8008/getlink_json.php?channel=tv/pirveli_arkhi',3,'0',0,168),(2,23,'http://192.168.34.51:8008/getlink_json.php?channel=tv/rustavi2',3,'0',0,168),(3,24,'http://192.168.34.51:8008/getlink_json.php?channel=tv/meore_arkhi',3,'0',0,72),(4,25,'http://192.168.34.51:8008/getlink_json.php?channel=tv/imedi',3,'0',0,168),(5,26,'http://192.168.34.51:8008/getlink_json.php?channel=tv/comedy',3,'0',0,168),(6,27,'http://192.168.34.51:8008/getlink_json.php?channel=tv/marao',3,'0',0,168),(7,28,'http://192.168.34.51:8008/getlink_json.php?channel=tv/maestro',3,'0',0,168),(8,29,'http://192.168.34.51:8008/getlink_json.php?channel=tv/gds',3,'0',0,168),(9,30,'http://192.168.34.51:8008/getlink_json.php?channel=tv/palitra_news',3,'0',0,168),(10,31,'http://192.168.34.51:8008/getlink_json.php?channel=tv/tv_pirveli',3,'0',0,168),(11,32,'http://192.168.34.51:8008/getlink_json.php?channel=tv/ertsulovneba',3,'0',0,168),(12,33,'http://192.168.34.51:8008/getlink_json.php?channel=tv/kavkasia',3,'0',0,168),(13,34,'http://192.168.34.51:8008/getlink_json.php?channel=tv/obieqtivi',3,'0',0,168),(14,35,'http://192.168.34.51:8008/getlink_json.php?channel=tv/rioni',3,'0',0,168),(15,36,'http://192.168.34.51:8008/getlink_json.php?channel=tv/rioni2',3,'0',0,72),(16,37,'http://192.168.34.51:8008/getlink_json.php?channel=tv/megatv',3,'0',0,168),(17,38,'http://192.168.34.51:8008/getlink_json.php?channel=tv/trialeti',3,'0',0,168),(18,39,'http://192.168.34.51:8008/getlink_json.php?channel=tv/silk_universal',3,'0',0,168),(19,40,'http://192.168.34.51:8008/getlink_json.php?channel=tv/o2',3,'0',0,168),(20,41,'http://192.168.34.51:8008/getlink_json.php?channel=tv/qartuli_arkhi',3,'0',0,168),(21,42,'http://192.168.34.51:8008/getlink_json.php?channel=tv/samepo_arkhi',3,'0',0,168),(22,43,'http://192.168.34.51:8008/getlink_json.php?channel=tv/abkhazetis_khma',3,'0',0,168),(23,44,'http://192.168.34.51:8008/getlink_json.php?channel=tv/42_paraleli',3,'0',0,24),(24,46,'http://192.168.34.51:8008/getlink_json.php?channel=tv/bbc1',3,'0',0,24),(25,47,'http://192.168.34.51:8008/getlink_json.php?channel=tv/bbc2',3,'0',0,24),(26,45,'http://192.168.34.51:8008/getlink_json.php?channel=tv/dia',3,'0',0,168),(27,48,'http://192.168.34.51:8008/getlink_json.php?channel=tv/kvemo_qartli',3,'0',0,168),(28,49,'http://192.168.34.51:8008/getlink_json.php?channel=tv/adjara_tv',3,'0',0,168),(29,50,'http://192.168.34.51:8008/getlink_json.php?channel=tv/tv25',3,'0',0,168),(30,51,'http://192.168.34.51:8008/getlink_json.php?channel=tv/rugby_tv',3,'0',0,168),(31,52,'http://192.168.34.51:8008/getlink_json.php?channel=tv/agrotv',3,'0',0,168),(32,57,'http://192.168.34.51:8008/getlink_json.php?channel=tv/guria',3,'0',0,168),(33,58,'http://192.168.34.51:8008/getlink_json.php?channel=tv/discover_georgia',3,'0',0,24),(34,56,'http://192.168.34.51:8008/getlink_json.php?channel=tv/dardimandi',3,'0',0,120),(35,59,'http://192.168.34.51:8008/getlink_json.php?channel=tv/stereo_plus',3,'0',0,72),(36,60,'http://192.168.34.51:8008/getlink_json.php?channel=tv/ssm_sport',3,'0',0,168),(37,55,'http://192.168.34.51:8008/getlink_json.php?channel=tv/bbc_world_news',3,'0',0,72),(38,54,'http://192.168.34.51:8008/getlink_json.php?channel=tv/current_time',3,'0',0,24),(39,53,'http://192.168.34.51:8008/getlink_json.php?channel=tv/cnn',3,'0',0,24),(40,61,'http://192.168.34.51:8008/getlink_json.php?channel=tv/new_formula',3,'0',0,72),(41,62,'http://192.168.34.51:8008/getlink_json.php?channel=tv/pktv',3,'0',0,24),(42,63,'http://192.168.34.51:8008/getlink_json.php?channel=tv/vip_tv',3,'0',0,72),(43,64,'http://192.168.34.51:8008/getlink_json.php?channel=tv/saperavi',3,'0',0,24),(44,65,'http://192.168.34.51:8008/getlink_json.php?channel=tv/kartuli_tv',3,'0',0,72),(45,95,'http://192.168.34.51:8008/getlink_json.php?channel=tv/mtavari_arkhi',3,'0',0,168),(46,108,'http://192.168.34.51:8008/flus_token_json.php?channel=tv/erovnuli_liga',3,'0',0,24),(47,118,'http://192.168.34.51:8008/getlink_json.php?channel=tv/chess',3,'0',0,24),(48,213,'http://192.168.34.51:8008/getlink_json.php?channel=tv/artarea',3,'0',0,168),(49,214,'http://192.168.34.51:8008/getlink_json.php?channel=tv/enki-benki',3,'0',0,168),(50,215,'http://192.168.34.51:8008/getlink_json.php?channel=tv/bbb',3,'0',0,168),(51,216,'http://192.168.34.51:8008/getlink_json.php?channel=tv/pulsi_tv',3,'0',0,48),(52,217,'http://192.168.34.51:8008/getlink_json.php?channel=tv/sdasu_tv',3,'0',0,48),(53,142,'http://192.168.34.51:8008/getlink_json.php?channel=tv/formula',3,'0',0,120),(54,226,'http://192.168.34.51:8008/getlink_json.php?channel=tv/setanta_sports_1_ge',3,'0',0,72),(55,227,'http://192.168.34.51:8008/getlink_json.php?channel=tv/setanta_sports_2_ge',3,'0',0,72),(57,234,'http://192.168.34.51:8008/getlink_json.php?channel=tv/postv',3,'0',0,120),(58,237,'http://192.168.34.51:8008/getlink_json.php?channel=tv/setanta_sports_3_ge',3,'0',0,48),(59,220,'http://192.168.34.51:8008/getlink_json.php?channel=tv/music_box_tbilisi',3,'0',0,120),(60,246,'http://192.168.34.51:8008/getlink_json.php?channel=tv/test_1',3,'0',0,24),(61,244,'http://192.168.34.51:8008/getlink_json.php?channel=tv/girchi',3,'0',0,72),(62,210,'http://192.168.34.51:8008/getlink_json.php?channel=tv/vip_family',3,'0',0,3),(63,211,'http://192.168.34.51:8008/getlink_json.php?channel=tv/vip_hit',3,'0',0,3),(64,212,'http://192.168.34.51:8008/getlink_json.php?channel=tv/vip_hd',3,'0',0,6),(65,201,'http://192.168.34.51:8008/getlink_json.php?channel=tv/kinopremiera',3,'0',0,24),(66,243,'http://192.168.34.51:8008/getlink_json.php?channel=tv/adjarasport2',3,'0',0,24),(67,248,'http://192.168.34.51:8008/getlink_json.php?channel=tv/euronewsgeorgia',3,'0',0,24),(68,251,'http://192.168.34.51:8008/getlink_json.php?channel=tv/green_tv',0,'3',0,2),(69,265,'http://192.168.34.51:8008/getlink_json.php?channel=tv/gds',3,'0',0,24),(70,266,'http://192.168.34.51:8008/getlink_json.php?channel=tv/kinopremiera',1,'0',0,24),(72,82,'http://192.168.34.51:8008/getlink_json.php?channel=tv/nauka',3,'0',0,24),(73,320,'http://192.168.34.51:8008/getlink_json.php?channel=tv/bmg',3,'0',0,24),(74,321,'http://192.168.34.51:8008/getlink_json.php?channel=tv/eri_media',3,'0',0,72),(75,323,'http://192.168.34.51:8008/getlink_json.php?channel=tv/comedytv',3,'0',0,72),(76,324,'http://192.168.34.51:8008/getlink_json.php?channel=tv/egrisi',3,'0',0,72),(77,336,'http://192.168.34.51:8008/getlink_json.php?channel=tv/parlamenti',3,'0',0,48),(81,253,'http://192.168.34.51:8008/getlink_json.php?channel=tv/alt_info',3,'0',0,72),(82,71,'http://192.168.34.51:8008/getlink_json.php?channel=tv/dom_kino',3,'0',0,24),(83,72,'http://192.168.34.51:8008/getlink_json.php?channel=tv/mir',3,'0',0,24),(84,73,'http://192.168.34.51:8008/getlink_json.php?channel=tv/mir24',3,'0',0,24),(85,141,'http://192.168.34.51:8008/getlink_json.php?channel=tv/cinema',3,'0',0,24),(86,249,'http://192.168.34.51:8008/getlink_json.php?channel=tv/ilioni',3,'0',0,168),(87,250,'http://192.168.34.51:8008/getlink_json.php?channel=tv/gms',3,'0',0,72),(88,282,'http://192.168.34.51:8008/getlink_json.php?channel=tv/season',3,'0',0,168),(89,335,'http://192.168.34.51:8008/getlink_json.php?channel=tv/sferonews',3,'0',0,24),(90,325,'http://192.168.34.51:8008/getlink_json.php?channel=tv/tvplus',3,'0',0,24),(91,185,'http://192.168.34.51:8008/getlink_json.php?channel=tv/muzhskoe_kino',3,'0',0,24),(92,191,'http://192.168.34.51:8008/getlink_json.php?channel=tv/kinohit',3,'0',0,24),(93,117,'http://192.168.34.51:8008/getlink_json.php?channel=tv/dk_premium',3,'0',0,24),(95,371,'http://192.168.34.51:8008/getlink_json.php?channel=tv/tv36',3,'0',0,24),(96,366,'http://192.168.34.51:8008/getlink_json.php?channel=tv/mze',3,'0',0,24),(97,367,'http://192.168.34.51:8008/getlink_json.php?channel=tv/aia',3,'0',0,24),(98,22,'',0,'0',0,24);
/*!40000 ALTER TABLE `legacy_channel_archive_urls` ENABLE KEYS */;
UNLOCK TABLES;



DROP TABLE IF EXISTS `channel_list`;
/*!40101 SET @saved_cs_client     = @@character_set_client */;
/*!40101 SET character_set_client = utf8 */;
CREATE TABLE `channel_list` (
  `UID` bigint(20) NOT NULL AUTO_INCREMENT,
  `CHANNEL_NAME` varchar(70) NOT NULL,
  `CHANNEL_NUMBER` varchar(10) NOT NULL,
  `CHANNEL_LOGO` varchar(50) NOT NULL,
  `CHANNEL_GANRE_ID` bigint(20) NOT NULL,
  `CHANNEL_EPG` varchar(500) NOT NULL,
  `EPG_TIME_CORRECTION` int(11) NOT NULL DEFAULT '0',
  `STATUS` tinyint(4) NOT NULL DEFAULT '0',
  `FREE` tinyint(4) NOT NULL DEFAULT '1',
  `REG_ID` bigint(20) NOT NULL DEFAULT '1',
  PRIMARY KEY (`UID`)
) ENGINE=InnoDB AUTO_INCREMENT=374 DEFAULT CHARSET=utf8 ROW_FORMAT=DYNAMIC;
/*!40101 SET character_set_client = @saved_cs_client */;

--
-- Dumping data for table `channel_list`
--

LOCK TABLES `channel_list` WRITE;
/*!40000 ALTER TABLE `channel_list` DISABLE KEYS */;
INSERT INTO `channel_list` VALUES (22,'პირველი არხი','1','22.png',23,'magti_3',0,1,1,1),(23,'რუსთავი 2','4','5bbccab332124.png',23,'myvideo_rustavi2hqnew',0,1,1,1),(24,'მეორე არხი','2','24.png',24,'magti_78451',0,1,1,1),(25,'იმედი','3','5bbcf2598e82a.png',23,'myvideo_imedihd',0,1,1,1),(26,'კომედი არხი','5','5bbcf43a82e4a.png',23,'martv_14',0,1,1,1),(27,'მარაო','6','5bbcf4c947330.png',23,'martv_12',0,1,1,1),(28,'მაესტრო','7','5bbcf54a0cc89.png',25,'magti_141',0,1,1,1),(29,'GDS','8','5bbcf57d8784f.png',23,'myvideo_gdstv',0,1,1,1),(30,'Palitra News','9','5bbcf8bb3ae6f.png',23,'magti_87',0,1,1,1),(31,'TV პირველი','10','5bbcf8ffbdeb8.png',23,'myvideo_pirvelitv',0,1,1,1),(32,'ერთსულოვნება','11','5bbcf947ae91e.png',22,'magti_72',0,1,1,1),(33,'კავკასია','61','5bbcfb01cbe36.png',23,'magti_135',0,1,1,1),(34,'ობიექტივი','13','5bbcfb3ecbdf7.png',25,'magti_85',0,1,1,1),(35,'რიონი','14','5bbcfb9160831.png',23,'magti_197',0,1,1,1),(36,'რიონი 2','15','5bbcfbcc50e66.png',23,'myvideo_rioni2',0,1,1,1),(37,'მეგა TV','16','5bbcfc4e89e07.png',23,'magti_204',0,1,1,1),(38,'თრიალეთი','17','5bd6f7e410238.png',23,'magti_98',0,1,1,1),(39,'Silk უნივერსალი','18','5bd6f9c3c99da.png',24,'magti_287',0,1,1,1),(40,'o2','19','5bd6faa19255b.png',23,'myvideo_o2',0,1,1,1),(41,'ქართული არხი','20','5bd6fe30b4562.png',23,'myvideo_kartuliarkhi',0,1,1,1),(42,'სამეფო არხი','21','5bd7023578a95.png',23,'myvideo_drotv',0,1,1,1),(43,'აფხაზეთის ხმა','22','5bd7031d38cfe.png',23,'magti_73',0,1,1,1),(44,'42 პარალელი','823','5bd9a8d4ad642.png',23,'my_42p',0,0,1,1),(45,'დია','24','5be9e9fd6f8a2.png',23,'myvideo_diatv',0,1,1,1),(46,'BBC One','501','5bebb75b45936.png',23,'wg1_BBC1',0,1,1,2),(47,'BBC Two','502','5bebb7813d872.png',23,'wg1_BBC2',0,1,1,2),(48,'ქვემო ქართლი','25','5bf64d0b03de2.png',23,'myvideo_qvemoqartli',0,1,1,1),(49,'აჭარა','26','5c00049039f30.png',23,'myvideo_adjara',0,1,1,1),(50,'TV25','27','5c0004b5ab40c.png',23,'magti_285',0,1,1,1),(51,'რაგბი','28','5c000545ee139.png',24,'myvideo_rtv',0,1,1,1),(52,'აგრო TV','29','5c00059f81040.png',22,'magti_240',0,1,1,1),(53,'CNN','504','5c1fee93b9e68.png',25,'myed_2270',0,1,1,2),(54,'Current Time','171','54.png',25,'myed_2142',0,1,1,2),(55,'BBC News','503','55.png',25,'myed_828',0,1,1,2),(56,'დარდიმანდი','30','56.png',23,'magti_199',0,1,1,1),(57,'გურია','31','57.png',23,'magti_57000',0,1,1,1),(58,'Discover Georgia','891','58.png',22,'myvideo_discovergeorgia',0,0,1,1),(59,'Stereo+','33','59.png',23,'magti_193',0,1,1,1),(60,'პირველი არხი - სპორტი','834','60.png',24,'',0,0,1,1),(61,'ახალი ფორმულა','96','61.png',23,'magti_76358',0,1,1,1),(62,'PKTV','32','62.png',25,'magti_336',0,1,1,1),(63,'VIP TV','893','5c80d9a189a40.png',23,'my_viptv',0,0,1,1),(64,'საფერავი','75','64.png',22,'magti_58003',0,0,1,1),(65,'ქართული ტვ','38','65.png',22,'myvideo_qartuli',0,1,1,1),(66,'РТР Планета','101','66.png',23,'martv_86',0,1,1,2),(67,'Россия К','103','67.png',22,'myed_187',0,1,1,2),(68,'Travel Channel','540','68.png',22,'myed_2238',0,1,1,2),(69,'Первый канал (СНГ)','256','69.png',23,'tg_171',0,0,1,2),(70,'Первый (Европа)','102','70.png',23,'myed_2571',0,1,1,2),(71,'Дом кино','106','71.png',23,'myed_834',0,1,1,2),(72,'МИР','107','72.png',23,'myed_726',0,1,1,2),(73,'МИР 24','108','73.png',25,'myed_2078',0,1,1,2),(74,'МИР PREMIUM','255','74.png',23,'mydb1_221',0,0,1,2),(75,'Охотник и Рыболов','110','75.png',22,'myed_1681',0,1,1,2),(76,'Duck TV','111','76.png',21,'myed_2156',0,0,1,2),(77,'Eurosport 1','112','77.png',24,'myed_2052',0,1,1,2),(78,'Eurosport 2','113','78.png',24,'myed_850',0,1,1,2),(79,'RTVi','114','79.png',25,'myed_2401',0,1,1,2),(80,'Шансон','115','80.png',23,'myed_2278',0,1,1,2),(81,'Russian Music Box','116','81.png',23,'myed_2409',0,0,1,2),(82,'НАУКА','117','82.png',22,'myed_723',0,1,1,2),(83,'ИСТОРИЯ','118','83.png',22,'myed_1036',0,1,1,2),(84,'T24','119','84.png',22,'myed_2762',0,1,1,2),(85,'ДОКТОР','120','85.png',22,'myed_16',0,1,1,2),(86,'МАМА','121','86.png',22,'myed_618',0,1,1,2),(87,'ЖИВАЯ ПЛАНЕТА','122','87.png',22,'myed_675',0,1,1,2),(88,'МОЯ ПЛАНЕТА','123','88.png',22,'myed_675',0,1,1,2),(89,'National Geographic','545','89.png',22,'myed_102',0,1,1,2),(90,'NatGeo Wild','546','90.png',22,'myed_223',0,1,1,2),(91,'Детский мир','126','91.png',21,'myed_928',0,1,1,2),(92,'Nickelodeon HD','547','92.png',21,'myed_423',0,0,1,2),(93,'Nick Jr.','548','93.png',21,'myed_917',0,0,1,2),(94,'Мульт','128','94.png',21,'myed_1332',0,1,1,2),(95,'მთავარი არხი','39','95.png',23,'myvideo_mtavari',0,0,1,1),(96,'THT MUSIC','130','96.png',23,'myed_680',0,1,1,2),(97,'Домашние животные','131','97.png',22,'myed_520',0,1,1,2),(98,'Драйв','132','98.png',22,'myed_2443',0,1,1,2),(99,'Охота и рыбалка','133','99.png',22,'myed_2419',0,1,1,2),(100,'Психология 21','134','100.png',22,'myed_2450',0,1,1,2),(101,'Ретро','135','101.png',22,'myed_2402',0,1,1,2),(102,'Усадьба','136','102.png',22,'myed_434',0,1,1,2),(103,'Вопросы и ответы','137','103.png',22,'myed_2451',0,1,1,2),(104,'Здоровое','138','104.png',22,'myed_2449',0,1,1,2),(105,'ACB TV','261','105.png',23,'mydb1_395',0,0,1,2),(106,'Setanta Sports 1','411','106.png',24,'myed_2364',0,1,1,1),(107,'Setanta Sports 2','412','107.png',24,'myed_2363',0,1,1,1),(108,'eliga','97','108.png',24,'',0,0,1,1),(109,'GDS2','601','nologo.png',23,'',0,0,1,2),(110,'Россия 24','104','110.png',25,'myed_2975',0,1,1,2),(111,'НТВ Мир','141','111.png',23,'tg_216',0,1,1,2),(112,'Время','142','112.png',20,'myed_669',0,1,1,2),(113,'Музыка','143','113.png',23,'myed_715',0,1,1,2),(114,'Телекафе','144','114.png',23,'myed_2304',0,1,1,2),(115,'Карусель','145','115.png',23,'myed_740',0,1,1,2),(116,'Бобёр','146','116.png',22,'myed_2026',0,1,1,2),(117,'Дом Кино Премиум','147','117.png',23,'myed_2020',0,1,1,2),(118,'ჭადრაკი','40','118.png',22,'magti_59001',0,0,1,1),(119,'IНТЕР+','148','119.png',23,'myed_2154',0,1,1,2),(120,'1+1 international','149','120.png',23,'myed_2125',0,1,1,2),(121,'Mezzo','129','121.png',23,'myed_575',0,1,1,2),(122,'Ностальгия','150','122.png',20,'myed_783',0,1,1,2),(123,'Fashion TV','151','123.png',23,'myas_77',0,1,1,2),(124,'Discovery','152','124.png',22,'myed_325',0,1,1,2),(125,'Animal Planet','153','125.png',22,'myed_365',0,1,1,2),(126,'Investigation Discovery','154','126.png',22,'myed_2009',0,1,1,2),(127,'.red','541','127.png',23,'myed_311',0,1,1,2),(128,'.black','542','128.png',23,'myed_935',0,1,1,2),(129,'.sci-fi','543','129.png',22,'myed_516',0,1,1,2),(130,'France 24 (fr)','158','130.png',25,'wg1_FRANCE_24-FR',0,1,1,2),(131,'DW (русский)','159','131.png',25,'myed_2352',0,1,1,2),(132,'Hollywood','170','132.png',23,'myed_934',0,1,1,2),(133,'Сарафан','161','133.png',23,'myed_663',0,1,1,2),(134,'Совершенно Секретно','162','134.png',20,'myed_275',0,1,1,2),(135,'Fine Living','250','135.png',22,'tg_286',0,0,1,2),(136,'Food Network','251','136.png',22,'myas_287',0,0,1,2),(137,'Bollywood','165','137.png',23,'myed_1395',0,1,1,2),(138,'TV XXI','166','138.png',23,'myed_309',0,1,1,2),(139,'Мир Сериала','167','139.png',23,'myed_2275',0,1,1,2),(140,'НСТ','168','140.png',23,'myed_518',0,1,1,2),(141,'Cinema','169','141.png',23,'myed_2754',0,1,1,2),(142,'ფორმულა','41','142.png',23,'myvideo_formula',0,1,1,1),(143,'DW (english)','160','143.png',25,'wg1_DEUTSCHE_WELLE(EN)',0,1,1,2),(144,'FilmBox','173','144.png',23,'myed_2181',0,1,1,2),(145,'FilmBox ArtHouse','174','145.png',23,'myed_2182',0,1,1,2),(146,'FashionBox','175','146.png',23,'myas_201',0,1,1,2),(147,'FightBox','176','147.png',24,'myas_198',0,1,1,2),(148,'Fast&amp;Fun Box','177','148.png',24,'myas_199',0,1,1,2),(149,'DocuBox','178','149.png',20,'myas_200',0,1,1,2),(150,'360 TuneBox','179','150.png',23,'myas_202',0,1,1,2),(151,'Квартал 95','180','151.png',23,'myed_2101',0,0,1,2),(152,'CNBC','181','152.png',25,'myed_2128',0,1,1,2),(153,'Travel+Adventure','182','153.png',22,'myed_1035',0,1,1,2),(154,'Загородный','183','154.png',22,'myed_2463',0,0,1,2),(155,'M-1 Global TV','184','155.png',24,'myed_2326',0,1,1,2),(156,'Любимое Кино','185','156.png',23,'myed_477',0,1,1,2),(157,'РенТВ','186','157.png',22,'myvideo_rentv',0,1,1,2),(158,'СТС','187','158.png',23,'myed_5652',0,1,1,2),(159,'ТНТ','188','159.png',23,'myed_5692',0,1,1,2),(160,'TLC','544','160.png',23,'myed_425',0,1,1,2),(161,'English Club','190','161.png',22,'myed_2155',0,1,1,2),(162,'ЗооПарк','301','162.png',22,'myed_367',0,1,1,2),(163,'Детский','302','163.png',21,'myed_66',0,1,1,2),(164,'viju+ Sport','303','164.png',24,'myed_2055',0,1,1,2),(165,'viju Nature','304','165.png',22,'myed_765',0,1,1,2),(166,'viju History','305','166.png',22,'myed_277',0,1,1,2),(167,'viju Explore','306','167.png',22,'myed_521',0,1,1,2),(168,'Da Vinchi Learning','307','168.png',22,'myed_410',0,1,1,2),(169,'viju TV1000','308','169.png',23,'myed_127',0,1,1,2),(170,'viju TV1000 Action','309','170.png',23,'myed_125',0,1,1,2),(171,'viju TV1000 Русское Кино','310','171.png',23,'myed_267',0,1,1,2),(172,'Русский Иллюзион','311','172.png',23,'myed_53',0,1,1,2),(173,'Иллюзион +','312','173.png',23,'myed_2403',0,1,1,2),(174,'Еврокино','313','174.png',23,'myed_352',0,1,1,2),(175,'Авто 24','314','175.png',23,'myed_2008',0,1,1,2),(176,'Zee Russia','315','176.png',23,'myed_2233',0,1,1,2),(177,'Домашний','316','177.png',23,'martv_249',0,1,1,2),(178,'ТВ3','317','178.png',23,'tg_404',0,0,1,2),(179,'ТВЦ','318','179.png',23,'martv_62',0,1,1,2),(180,'Перец','319','180.png',23,'martv_259',0,1,1,2),(181,'Оружие','320','181.png',22,'myed_2442',0,1,1,2),(182,'Пятница','321','182.png',23,'martv_258',0,0,1,2),(183,'ИНДИЙСКОЕ КИНО','322','183.png',23,'myed_798',0,1,1,2),(184,'Наше новое кино','323','184.png',23,'myed_485',0,1,1,2),(185,'МУЖСКОЕ КИНО','324','185.png',23,'myed_1584',0,1,1,2),(186,'КИНОМИКС','325','186.png',23,'myed_644',0,1,1,2),(187,'КВН ТВ','164','187.png',23,'myed_1700',0,1,1,2),(188,'Родное Кино','327','188.png',23,'myed_12',0,1,1,2),(189,'КИНОКОМЕДИЯ','328','189.png',23,'myed_821',0,1,1,2),(190,'КИНОСЕРИЯ','329','190.png',23,'myed_799',0,1,1,2),(191,'КИНОХИТ','330','191.png',23,'myed_542',0,1,1,2),(192,'КИНОСВИДАНИЕ','331','192.png',23,'myed_462',0,1,1,2),(193,'КИНОСЕМЬЯ','332','193.png',23,'myed_987',0,1,1,2),(194,'Авто Плюс','333','194.png',22,'myed_153',0,1,1,2),(195,'365 дней','334','195.png',23,'myed_2423',0,0,1,2),(196,'Ля-минор ТВ','335','196.png',23,'myed_2408',0,1,1,2),(197,'ЖАРА','336','197.png',23,'myed_165',0,0,1,2),(198,'Кухня ТВ','337','198.png',22,'myed_614',0,1,1,2),(199,'Матч Планета','338','199.png',22,'myed_2043',0,0,1,2),(200,'HDL','339','200.png',23,'myed_415',0,1,1,2),(201,'КИНОПРЕМЬЕРА','340','201.png',23,'myed_566',0,1,1,2),(202,'Планета HD','341','202.png',23,'myas_115',0,0,1,2),(203,'Amedia Premium','342','203.png',23,'myed_1372',0,1,1,2),(204,'Amedia Hit','343','204.png',23,'myed_2007',0,1,1,2),(205,'Amedia 1','344','205.png',23,'myed_1371',0,1,1,2),(206,'აგროგარემო','42','206.png',22,'magti_58004',0,1,1,1),(207,'TOK.TV','43','207.png',23,'magti_58005',0,1,1,2),(208,'Феникс+Кино','347','208.png',23,'myed_2404',0,1,1,2),(209,'Бокс ТВ','346','209.png',24,'myed_2285',0,0,1,2),(210,'VIP Family','881','210.png',23,'',0,0,1,1),(211,'VIP Hit','882','211.png',23,'',0,0,1,1),(212,'VIP HD','892','212.png',23,'',0,0,1,1),(213,'არტარეა','45','213.png',22,'magti_100',0,0,1,1),(214,'ენკი-ბენკი','46','214.png',21,'magti_83',0,1,1,1),(215,'BBB','47','215.png',21,'magti_192',0,1,1,1),(216,'პულსი TV','48','216.png',22,'magti_239',0,1,1,1),(217,'სდასუ','49','217.png',22,'myvideo_sdasutv',0,1,1,1),(218,'L-TV','50','218.png',23,'magti_333',0,1,1,1),(219,'Hi TV','890','219.png',23,'martv_10',0,0,1,1),(220,'Music Box','52','220.png',23,'magti_168',0,1,1,1),(221,'Food TV','894','221.png',22,'my_foodtv',0,0,1,1),(222,'იმერვიზია','54','222.png',23,'myvideo_imervizia',0,1,1,1),(223,'სტარვიზია','55','223.png',23,'myvideo_starvision',0,1,1,1),(224,'მარნეული ტვ','56','224.png',23,'myvideo_marneulitv',0,1,1,1),(225,'გურჯაანი ტვ','57','225.png',23,'myvideo_gurjaani',0,1,1,1),(226,'სეტანტა სპორტი 1','401','226.png',24,'magti_68351',0,1,1,1),(227,'სეტანტა სპორტი 2','402','227.png',24,'magti_68352',0,1,1,1),(228,'UA TV','191','228.png',25,'martv_60',0,0,1,1),(229,'TMB','192','229.png',23,'wg1_TMB',0,0,1,1),(230,'შონი','58','230.png',23,'',0,1,1,1),(231,'TV MAX','95','231.png',23,'',0,0,1,1),(232,'insport','898','232.png',24,'',0,0,1,1),(233,'Беларусь 24','193','233.png',23,'myed_2170',0,1,1,1),(234,'პოს TV','12','234.png',23,'myvideo_postv',0,1,1,1),(235,'ახალი არხი','862','235.png',23,'myvideo_akhalitv',0,0,1,1),(236,'მეცხრე ტალღა','63','236.png',23,'magti_66001',0,1,1,1),(237,'სეტანტა სპორტი 3','403','237.png',24,'magti_121',0,1,1,1),(238,'Восток ТВ','194','238.png',23,'myed_2353',0,1,1,1),(239,'AZ TV','195','239.png',23,'myed_2134',0,1,1,1),(240,'Armenia TV','196','240.png',23,'martv_94',0,1,1,1),(241,'TV5 ბათუმი','65','241.png',23,'magti_68100',0,1,1,1),(242,'meteo 24','35','242.png',23,'magti_66000',0,1,1,1),(243,'სეტანტა სპორტი','404','243.png',24,'martv_163',0,0,1,1),(244,'გირჩი ტვ','67','244.png',23,'magti_58001',0,0,1,1),(245,'COVID-19','666','nologo.png',25,'',0,0,1,1),(246,'TEST','777','nologo.png',23,'',0,0,1,1),(247,'Universe','864','247.png',22,'myvideo_universehd',0,0,1,1),(248,'Euronews საქართველო','70','248.png',25,'mywk_2',0,1,1,1),(249,'თავისუფალი არხი','68','249.png',25,'myvideo_ilontv',0,1,1,1),(250,'GMS','69','250.png',24,'myvideo_gms',0,1,1,1),(251,'GREEN TV','37','251.png',23,'magti_68004',0,1,1,1),(252,'თანამგზავრი','76','252.png',23,'myvideo_tanamgzavri',0,1,1,1),(253,'ALT INFO','77','253.png',25,'myvideo_altinfo',0,1,1,1),(254,'S1','99','nologo.png',23,'',0,1,1,1),(255,'MCAST MIR HD','701','nologo.png',23,'',0,0,1,1),(256,'MCAST MIR 24 HD','702','nologo.png',23,'',0,0,1,1),(257,'MCAST MIR SD','703','nologo.png',23,'',0,0,1,1),(258,'MCAST MIR 24 SD','704','nologo.png',23,'',0,0,1,1),(259,'MCAST IMEDI HD','705','nologo.png',23,'',0,0,1,1),(260,'MCAST RUSTAVI2','706','nologo.png',23,'',0,0,1,1),(261,'MCAST 1 ARKHI HD','707','nologo.png',23,'',0,0,1,1),(262,'Georgian Times','78','262.png',25,'myvideo_gttv',0,1,1,1),(263,'Моторспорт','163','263.png',24,'myed_2529',0,0,1,1),(264,'Смайлик ТВ','127','264.png',21,'myed_2442',0,0,1,1),(265,'TEST2','778','nologo.png',23,'',0,0,1,1),(266,'TEST3','779','nologo.png',23,'',0,0,1,1),(267,'Петербург 5 Канал','125','267.png',23,'martv_261',0,1,1,1),(268,'Amedia 2','345','268.png',23,'myed_2492',0,1,1,1),(269,'9 Волна','140','269.png',23,'myas_309',0,1,1,1),(270,'KHL','109','270.png',24,'myed_2048',0,1,1,1),(271,'Калейдоскоп','124','271.png',23,'myed_2761',0,0,1,1),(272,'Music One','139','nologo.png',23,'mywk_1',0,0,1,1),(273,'GMTV','60','273.png',25,'myvideo_gmtv',0,0,1,1),(274,'Кто есть кто','197','274.png',22,'myed_2456',0,1,1,1),(275,'Живи!','198','275.png',22,'myed_113',0,0,1,1),(276,'Киноужас','199','276.png',23,'myed_2493',0,1,1,1),(277,'TRT 1','155','277.png',23,'myed_2598',0,0,1,1),(278,'Show TV','156','278.png',23,'myed_2608',0,0,1,1),(279,'ცენტრალური ტელევიზია','73','279.png',23,'myvideo_ctv',0,0,1,1),(280,'მონიტორინგი','51','280.png',23,'myvideo_tvmonitoring',0,1,1,1),(281,'ოდიში ტვ','59','281.png',23,'myvideo_odishi',0,1,1,1),(282,'სეზონი','79','282.png',23,'magti_70352',0,1,1,1),(283,'Arirang World','189','283.png',23,'wg1_ARIRANG',0,1,1,1),(284,'მოლი ტვ','53','284.png',25,'',0,0,1,1),(285,'MF1','511','nologo.png',24,'',0,0,1,1),(286,'MF2','512','nologo.png',24,'',0,0,1,1),(287,'MF3','513','nologo.png',24,'',0,0,1,1),(288,'MATCH','510','nologo.png',24,'',0,0,1,1),(289,'Match B','514','nologo.png',24,'',0,1,1,1),(290,'MATCH HD','515','nologo.png',24,'myed_2054',0,1,1,1),(291,'MF1 HD','516','nologo.png',24,'myed_2044',0,1,1,1),(292,'MF2 HD','517','nologo.png',24,'myed_1042',0,1,1,1),(293,'MF3 HD','518','nologo.png',24,'myed_2005',0,1,1,1),(294,'Match P HD','519','nologo.png',24,'myed_2250',0,1,1,1),(295,'viju+ Comedy','520','nologo.png',23,'myed_1011',0,1,1,1),(296,'viju+ Megahit','521','nologo.png',23,'myed_1012',0,1,1,1),(297,'viju+ Premiere','522','nologo.png',23,'myed_1013',0,1,1,1),(298,'viju+ Serial','523','nologo.png',23,'myed_2838',0,1,1,1),(299,'viju+ Planeta','524','nologo.png',22,'myed_2012',0,1,1,1),(300,'Kino TV','525','nologo.png',23,'myed_1037',0,1,1,1),(301,'Plan B','526','nologo.png',23,'',0,1,1,1),(302,'HTB HD','527','nologo.png',23,'myed_162',0,1,1,1),(303,'THT HD','528','nologo.png',23,'myed_353',0,1,1,1),(304,'CTC HD','529','nologo.png',23,'myed_79',0,1,1,1),(305,'Дождь','537','nologo.png',25,'myed_2399',0,1,1,1),(306,'MTV Rus','533','nologo.png',23,'myed_1021',0,0,1,1),(307,'MTV 80s','534','nologo.png',23,'myed_156',0,0,1,1),(308,'MTV 00s','536','nologo.png',23,'',0,0,1,1),(309,'Первый Канал HD','530','nologo.png',23,'myed_146',0,1,1,1),(310,'Rossya 1 HD','531','nologo.png',23,'myed_711',0,1,1,1),(311,'MTV Live HD','532','nologo.png',23,'myed_382',0,0,1,1),(312,'Ukraine Live Cam 1','680','nologo.png',25,'',0,0,1,1),(313,'MTV 90s','535','nologo.png',23,'myed_2235',0,0,1,1),(314,'Pobeda','538','nologo.png',23,'myed_2447',0,0,1,1),(315,'Euronews English','506','nologo.png',25,'',0,1,1,1),(316,'Euronews Russia','507','nologo.png',25,'myed_2266',0,0,1,1),(317,'TRT World','508','nologo.png',25,'',0,1,1,1),(318,'France 24 (eng)','157','nologo.png',25,'',0,1,1,1),(319,'FOX','539','nologo.png',23,'myed_1031',0,1,1,1),(320,'BMG','66','320.png',25,'magti_70353',0,1,1,1),(321,'ერი მედია','871','321.png',25,'myvideo_erimedia',0,0,1,1),(322,'TV12','72','322.png',23,'magti_75350',0,1,1,1),(323,'tvc','44','323.png',23,'magti_76352',0,1,1,1),(324,'ეგრისი','74','324.png',23,'magti_76351',0,1,1,1),(325,'TV+','80','325.png',23,'magti_76354',0,1,1,1),(326,'РБК','200','nologo.png',25,'',0,1,1,1),(327,'2x2','549','nologo.png',23,'',0,1,1,1),(328,'ТНТ4','550','nologo.png',23,'',0,1,1,1),(329,'Bridge','551','nologo.png',23,'',0,1,1,1),(330,'Bridge Hits','552','nologo.png',23,'',0,1,1,1),(331,'Bridge Classic','553','nologo.png',23,'',0,1,1,1),(332,'Bridge Русский Хит','554','nologo.png',23,'',0,1,1,1),(333,'Bridge Rock','555','nologo.png',23,'',0,1,1,1),(334,'Bridge Шлягер','556','nologo.png',23,'',0,1,1,1),(335,'სფერო news','84','335.png',25,'myvideo_sferotv',0,0,1,1),(336,'პარლამენტი','85','336.png',25,'magti_76360',0,1,1,1),(337,'Art TV Plus','86','337.png',22,'',0,0,1,1),(338,'Suspense','570','nologo.png',23,'',0,1,1,1),(339,'Romance','569','nologo.png',23,'',0,1,1,1),(340,'ТВ-3','568','nologo.png',23,'',0,1,1,1),(341,'Cartoon Classic','560','nologo.png',21,'',0,1,1,1),(342,'viju TV1000 новелла','326','nologo.png',23,'',0,1,1,1),(343,'Беларусь Завтра','561','nologo.png',25,'',0,1,1,1),(344,'Свабода','562','nologo.png',25,'',0,1,1,1),(345,'Гордон Live','563','nologo.png',25,'',0,1,1,1),(346,'OST/WEST 24','564','nologo.png',25,'',0,1,1,1),(347,'TV8','565','nologo.png',25,'',0,1,1,1),(348,'TEST','982','nologo.png',23,'',0,1,1,1),(349,'1 HD Music Television','681','nologo.png',23,'',0,0,1,1),(350,'Конгресс ТВ','571','nologo.png',23,'',0,1,1,1),(351,'Аппетитный','572','nologo.png',22,'',0,1,1,1),(352,'The Explorers','573','nologo.png',23,'',0,1,1,1),(353,'Евразия','574','nologo.png',23,'',0,1,1,1),(354,'X Sport','509','nologo.png',24,'',0,1,1,1),(355,'M1','566','nologo.png',23,'',0,1,1,1),(356,'M2','567','nologo.png',23,'',0,1,1,1),(357,'რჩეული','87','357.png',22,'',0,1,1,1),(358,'Bridge Deluxe','557','nologo.png',23,'',0,1,1,1),(359,'Bridge Ethno','558','nologo.png',23,'',0,1,1,1),(360,'Bridge Fresh','559','nologo.png',23,'',0,1,1,1),(361,'VKUS','575','nologo.png',23,'',0,1,1,1),(362,'RT DOC','576','nologo.png',20,'',0,1,1,1),(363,'RT Region','577','nologo.png',25,'',0,1,1,1),(364,'BABY TIME','578','nologo.png',21,'',0,1,1,1),(365,'RU TV','579','nologo.png',23,'',0,1,1,1),(366,'მზე','88','366.png',23,'',0,1,1,1),(367,'აია ტვ','89','367.png',23,'',0,1,1,1),(368,'Megogo Sport','413','nologo.png',24,'',0,1,1,1),(369,'DAZN 1','414','nologo.png',24,'',0,1,1,1),(370,'DAZN 2','415','nologo.png',24,'',0,1,1,1),(371,'გირჩი 36','36','371.png',23,'',0,1,1,1),(372,'Europe 24','62','372.png',25,'',0,1,1,1),(373,'ჩვენი არხი','90','373.png',23,'',0,0,1,1);
/*!40000 ALTER TABLE `channel_list` ENABLE KEYS */;
UNLOCK TABLES;
/*!50003 SET @saved_cs_client      = @@character_set_client */ ;
/*!50003 SET @saved_cs_results     = @@character_set_results */ ;
/*!50003 SET @saved_col_connection = @@collation_connection */ ;
/*!50003 SET character_set_client  = utf8 */ ;
/*!50003 SET character_set_results = utf8 */ ;
/*!50003 SET collation_connection  = utf8_general_ci */ ;
/*!50003 SET @saved_sql_mode       = @@sql_mode */ ;
/*!50003 SET sql_mode              = 'ONLY_FULL_GROUP_BY,STRICT_TRANS_TABLES,NO_ZERO_IN_DATE,NO_ZERO_DATE,ERROR_FOR_DIVISION_BY_ZERO,NO_ENGINE_SUBSTITUTION' */ ;


DROP TABLE IF EXISTS `legacy_channel_urls`;
/*!40101 SET @saved_cs_client     = @@character_set_client */;
/*!40101 SET character_set_client = utf8 */;
CREATE TABLE `legacy_channel_urls` (
  `UID` bigint(20) NOT NULL AUTO_INCREMENT,
  `CHANNEL_ID` bigint(20) NOT NULL,
  `CHANNEL_URL` varchar(2083) NOT NULL,
  `URL_TYPE` int(11) NOT NULL DEFAULT '0',
  `FILTER` varchar(20) DEFAULT NULL,
  `PRIORITY` int(11) NOT NULL DEFAULT '0',
  PRIMARY KEY (`UID`)
) ENGINE=InnoDB AUTO_INCREMENT=429 DEFAULT CHARSET=utf8;
/*!40101 SET character_set_client = @saved_cs_client */;

--
-- Dumping data for table `legacy_channel_urls`
--

LOCK TABLES `legacy_channel_urls` WRITE;
/*!40000 ALTER TABLE `legacy_channel_urls` DISABLE KEYS */;
INSERT INTO `legacy_channel_urls` VALUES (5,22,'udp://@226.1.1.71:10171',1,'0',0),(14,22,'http://192.168.34.51:8008/autoproxy_json.php?server=s01/8080&amp;stream=tv/pirveli_arkhi',3,'0',0),(15,23,'udp://@226.1.1.4:10104',1,'0',0),(16,24,'udp://@226.1.1.3:10103',1,'',0),(17,25,'udp://@226.1.1.5:10105',1,'0',0),(18,26,'udp://@226.1.1.12:10112',1,'0',0),(19,27,'udp://@226.2.1.20:10120',1,'0',0),(20,28,'udp://@226.1.1.7:10107',1,'0',0),(21,29,'udp://@226.2.1.23:10123',1,'0',0),(22,30,'udp://@226.1.1.17:10117',1,'0',0),(23,31,'udp://@226.1.1.34:10134',1,'0',0),(24,32,'udp://@226.1.1.14:10114',1,'0',0),(25,33,'udp://@226.1.1.11:10111',1,'0',0),(26,34,'udp://@226.1.1.10:10110',1,'0',0),(27,35,'udp://@226.1.1.9:10109',1,'0',0),(28,36,'udp://@226.1.1.48:10148',1,'0',0),(29,37,'udp://@226.1.1.18:10118',1,'0',0),(30,32,'http://192.168.34.51:8008/autoproxy_json.php?server=s01/8080&amp;stream=tv/ertsulovneba',3,'0',0),(33,25,'http://192.168.34.51:8008/autoproxy_json.php?server=s01/8080&amp;stream=tv/imedi',3,'0',0),(34,23,'http://192.168.34.51:8008/autoproxy_json.php?server=s01/8080&amp;stream=tv/rustavi2',3,'0',0),(35,24,'http://192.168.34.51:8008/autoproxy_json.php?server=s01/8080&amp;stream=tv/meore_arkhi',3,'0',0),(36,26,'http://192.168.34.51:8008/autoproxy_json.php?server=s01/8080&amp;stream=tv/comedy',3,'0',0),(37,27,'http://192.168.34.51:8008/autoproxy_json.php?server=s01/8080&amp;stream=tv/marao',3,'0',0),(38,28,'http://192.168.34.51:8008/autoproxy_json.php?server=s01/8080&amp;stream=tv/maestro',3,'0',0),(39,29,'http://192.168.34.51:8008/autoproxy_json.php?server=s01/8080&amp;stream=tv/gds',3,'0',0),(40,30,'http://192.168.34.51:8008/autoproxy_json.php?server=s01/8080&amp;stream=tv/palitra_news',3,'0',0),(41,31,'http://192.168.34.51:8008/autoproxy_json.php?server=s01/8080&amp;stream=tv/tv_pirveli',3,'0',0),(42,33,'http://192.168.34.51:8008/autoproxy_json.php?server=s01/8080&amp;stream=tv/kavkasia',3,'0',0),(43,34,'http://192.168.34.51:8008/autoproxy_json.php?server=s01/8080&amp;stream=tv/obieqtivi',3,'0',0),(44,35,'http://192.168.34.51:8008/autoproxy_json.php?server=s01/8080&amp;stream=tv/rioni',3,'0',0),(45,36,'http://192.168.34.51:8008/autoproxy_json.php?server=s01/8080&amp;stream=tv/rioni2',3,'0',0),(46,37,'http://192.168.34.51:8008/autoproxy_json.php?server=s01/8080&amp;stream=tv/megatv',3,'0',0),(53,38,'udp://@226.1.1.35:10135',1,'0',0),(54,38,'http://192.168.34.51:8008/autoproxy_json.php?server=s01/8080&amp;stream=tv/trialeti',3,'0',0),(55,39,'udp://@226.1.1.21:10121',1,'0',0),(56,39,'http://192.168.34.51:8008/autoproxy_json.php?server=s01/8080&amp;stream=tv/silk_universal',3,'0',0),(57,40,'udp://@226.1.1.16:10116',1,'0',0),(58,40,'http://192.168.34.51:8008/autoproxy_json.php?server=s01/8080&amp;stream=tv/o2',3,'0',0),(59,41,'udp://@226.1.1.30:10130',1,'0',0),(60,41,'http://192.168.34.51:8008/autoproxy_json.php?server=s01/8080&amp;stream=tv/qartuli_arkhi',3,'0',0),(61,42,'udp://@226.1.1.13:10113',1,'0',0),(62,42,'http://192.168.34.51:8008/autoproxy_json.php?server=s01/8080&amp;stream=tv/samepo_arkhi',3,'0',0),(63,43,'udp://@226.1.1.24:10124',1,'0',0),(64,43,'http://192.168.34.51:8008/autoproxy_json.php?server=s01/8080&amp;stream=tv/abkhazetis_khma',3,'0',0),(65,44,'udp://@226.1.1.42:10142',1,'0',0),(66,44,'http://192.168.34.51:8008/flus_token_json.php?channel=tv/42_paraleli',3,'0',0),(67,45,'udp://@226.1.1.37:10137',1,'0',0),(68,45,'http://192.168.34.51:8008/autoproxy_json.php?server=s01/8080&amp;stream=tv/dia',3,'0',0),(69,46,'http://192.168.34.51:8008/getlink_json.php?channel=tv/bbc1',3,'0',0),(70,47,'http://192.168.34.51:8008/getlink_json.php?channel=tv/bbc2',3,'0',0),(71,48,'udp://@226.1.1.49:10149',1,'0',0),(72,48,'http://192.168.34.51:8008/autoproxy_json.php?server=s01/8080&amp;stream=tv/kvemo_qartli',3,'0',0),(73,49,'udp://@226.1.1.6:10106',1,'0',0),(74,50,'udp://@226.1.1.19:10119',1,'0',0),(75,51,'udp://@226.4.4.18:10418',1,'0',0),(76,52,'udp://@226.1.1.29:10129',1,'0',0),(77,49,'http://192.168.34.51:8008/autoproxy_json.php?server=s01/8080&amp;stream=tv/adjara_tv',3,'0',0),(78,50,'http://192.168.34.51:8008/autoproxy_json.php?server=s01/8080&amp;stream=tv/tv25',3,'0',0),(79,51,'http://192.168.34.51:8008/autoproxy_json.php?server=s01/8080&amp;stream=tv/rugby_tv',3,'0',0),(80,52,'http://192.168.34.51:8008/autoproxy_json.php?server=s01/8080&amp;stream=tv/agrotv',3,'0',0),(81,53,'http://192.168.34.51:8008/autoproxy_json.php?server=s01/8080&amp;stream=tv/cnn',3,'0',0),(82,54,'http://192.168.34.51:8008/autoproxy_json.php?server=s01/8080&amp;stream=tv/current_time',3,'0',0),(83,55,'http://192.168.34.51:8008/autoproxy_json.php?server=s12/7703/play&amp;stream=BBC_NEWS',3,'0',0),(84,56,'http://192.168.34.51:8008/autoproxy_json.php?server=s01/8080&amp;stream=tv/dardimandi',3,'0',0),(85,57,'http://192.168.34.51:8008/autoproxy_json.php?server=s01/8080&amp;stream=tv/guria',3,'0',0),(86,58,'http://192.168.34.51:8008/getlink_json.php?channel=tv/discover_georgia',3,'0',0),(87,59,'http://192.168.34.51:8008/autoproxy_json.php?server=s01/8080&amp;stream=tv/stereo_plus',3,'0',0),(88,60,'http://192.168.34.51:8008/autoproxy_json.php?server=s01/8080&amp;stream=tv/ssm_sport',3,'0',0),(89,61,'http://192.168.34.51:8008/autoproxy_json.php?server=s01/8080&amp;stream=tv/new_formula',3,'0',0),(90,62,'http://192.168.34.51:8008/autoproxy_json.php?server=s01/8080&amp;stream=tv/pktv',3,'0',0),(91,63,'http://192.168.34.51:8008/getlink_json.php?channel=tv/vip_tv',3,'0',0),(92,64,'http://192.168.34.51:8008/autoproxy_json.php?server=s01/8080&amp;stream=tv/saperavi',3,'0',0),(93,65,'http://192.168.34.51:8008/autoproxy_json.php?server=s01/8080&amp;stream=tv/kartuli_tv',3,'0',0),(94,66,'http://192.168.34.2:9100/udp/226.1.3.2:10302',4,'0',5),(95,67,'http://192.168.34.2:9100/udp/226.1.3.3:10303',4,'0',5),(96,68,'http://192.168.34.2:9100/udp/226.1.5.17:10517',4,'0',5),(97,69,'http://192.168.34.2:9100/udp/226.1.4.21:10421',4,'0',8),(98,70,'http://192.168.34.2:9100/udp/226.1.4.22:10422',4,'0',5),(99,71,'http://192.168.34.2:9100/udp/226.1.3.21:10321',4,'0',5),(100,72,'http://192.168.34.2:9100/udp/226.1.3.20:10320',4,'0',5),(101,73,'http://192.168.34.2:9100/udp/226.1.3.19:10319',4,'0',5),(102,74,'http://192.168.34.2:9100/udp/226.1.5.10:10510',4,'5',5),(103,75,'http://192.168.34.2:9100/udp/226.1.5.28:10528',4,'0',5),(104,76,'http://192.168.34.2:9100/udp/226.1.3.29:10329',4,'0',5),(105,77,'http://192.168.34.221:9100/udp/226.99.2.61:10261',4,'0',5),(106,78,'http://192.168.34.221:9100/udp/226.99.2.62:10262',4,'0',5),(107,79,'http://192.168.34.51:8008/autoproxy_json.php?server=s01/8080&amp;stream=tv/rtvi',3,'0',0),(109,83,'http://192.168.34.51:8008/autoproxy_json.php?server=s01/8080&amp;stream=tv/istoriya',3,'0',0),(110,84,'http://192.168.34.51:8008/autoproxy_json.php?server=s01/8080&amp;stream=tv/t24',3,'0',0),(111,85,'http://192.168.34.51:8008/autoproxy_json.php?server=s01/8080&amp;stream=tv/doktor',3,'0',0),(112,86,'http://192.168.34.51:8008/autoproxy_json.php?server=s01/8080&amp;stream=tv/mama',3,'0',0),(113,87,'http://192.168.34.51:8008/autoproxy_json.php?server=s01/8080&amp;stream=tv/zhivaya_planeta',3,'0',0),(114,88,'http://192.168.34.51:8008/autoproxy_json.php?server=s01/8080&amp;stream=tv/moya_planeta',3,'0',0),(115,91,'http://192.168.34.51:8008/autoproxy_json.php?server=s01/8080&amp;stream=tv/detskiy_mir',3,'0',0),(116,94,'http://192.168.34.51:8008/autoproxy_json.php?server=s01/8080&amp;stream=tv/mult',3,'0',0),(117,89,'http://192.168.34.51:8008/astralink_json.php?server=s11/7712/play&amp;stream=a00u',3,'0',0),(118,90,'http://192.168.34.51:8008/astralink_json.php?server=s11/7712/play&amp;stream=a015',3,'0',0),(119,92,'http://192.168.34.51:8008/astralink_json.php?server=s11/7713/play&amp;stream=250',3,'0',0),(120,93,'http://192.168.34.51:8008/astralink_json.php?server=s12/7710/play&amp;stream=281',3,'0',0),(121,82,'http://192.168.34.51:8008/autoproxy_json.php?server=s01/8080&amp;stream=tv/nauka',3,'0',0),(122,80,'http://192.168.34.51:8008/autoproxy_json.php?server=s01/8080&amp;stream=tv/chanson',3,'0',0),(123,81,'http://192.168.34.51:8008/flus_token_json.php?channel=tv/russian_music_box',3,'0',0),(124,74,'http://192.168.34.51:8008/flus_token_json.php?channel=tv/mir_premium',3,'0',0),(125,66,'http://192.168.34.51:8008/autoproxy_json.php?server=s01/8080&amp;stream=tv/planeta_rtr',3,'0',0),(126,67,'http://192.168.34.51:8008/autoproxy_json.php?server=s01/8080&amp;stream=tv/rossya_k',3,'0',0),(127,68,'http://192.168.34.51:8008/astralink_json.php?server=s11/7712/play&amp;stream=267',3,'0',0),(128,69,'http://192.168.34.51:8008/getlink_json.php?channel=tv/perviy_sng',3,'0',0),(129,70,'http://192.168.34.51:8008/autoproxy_json.php?server=s01/8080&amp;stream=tv/perviy_europe',3,'0',0),(130,71,'http://192.168.34.51:8008/autoproxy_json.php?server=s01/8080&amp;stream=tv/dom_kino',3,'0',0),(131,72,'http://192.168.34.51:8008/autoproxy_json.php?server=s01/8080&amp;stream=tv/mir',3,'0',0),(132,73,'http://192.168.34.51:8008/autoproxy_json.php?server=s01/8080&amp;stream=tv/mir24',3,'0',0),(133,75,'http://192.168.34.51:8008/autoproxy_json.php?server=s01/8080&amp;stream=tv/okhotnik_i_rybalov_int',3,'0',0),(134,76,'http://192.168.34.51:8008/flus_token_json.php?channel=tv/duck_tv',3,'0',0),(135,77,'http://192.168.34.51:8008/autoproxy_json.php?server=s01/8080&amp;stream=tv/eurosport1',3,'0',0),(136,78,'http://192.168.34.51:8008/autoproxy_json.php?server=s01/8080&amp;stream=tv/eurosport2',3,'0',0),(137,95,'http://192.168.34.51:8008/autoproxy_json.php?server=s01/8080&amp;stream=tv/mtavari_arkhi',3,'0',0),(138,96,'http://192.168.34.51:8008/autoproxy_json.php?server=s01/8080&amp;stream=tv/tnt_music',3,'0',0),(139,98,'http://192.168.34.51:8008/autoproxy_json.php?server=s01/8080&amp;stream=tv/drive',3,'0',0),(140,99,'http://192.168.34.51:8008/autoproxy_json.php?server=s01/8080&amp;stream=tv/ohota_rybalka',3,'0',0),(141,100,'http://192.168.34.51:8008/autoproxy_json.php?server=s01/8080&amp;stream=tv/psikhologia',3,'0',0),(142,101,'http://192.168.34.51:8008/autoproxy_json.php?server=s01/8080&amp;stream=tv/retro',3,'0',0),(143,102,'http://192.168.34.51:8008/autoproxy_json.php?server=s01/8080&amp;stream=tv/usadba',3,'0',0),(144,103,'http://192.168.34.51:8008/autoproxy_json.php?server=s01/8080&amp;stream=tv/voprosi_otveti',3,'0',0),(145,104,'http://192.168.34.51:8008/autoproxy_json.php?server=s01/8080&amp;stream=tv/zdorovie',3,'0',0),(146,97,'http://192.168.34.51:8008/autoproxy_json.php?server=s01/8080&amp;stream=tv/doma_zhivotnye',3,'0',0),(147,105,'http://192.168.34.51:8008/flus_token_json.php?channel=tv/acb',3,'0',0),(148,106,'http://192.168.34.51:8008/autoproxy_json.php?server=s11/7706/play&amp;stream=setanta1ea',3,'0',0),(149,107,'http://192.168.34.51:8008/autoproxy_json.php?server=s11/7706/play&amp;stream=setanta2ea',3,'0',0),(150,108,'http://192.168.34.51:8008/flus_token_json.php?channel=tv/erovnuli_liga',3,'0',0),(151,109,'udp://@226.1.4.9:10409',4,'0',0),(152,110,'http://192.168.34.51:8008/autoproxy_json.php?server=s01/8080&amp;stream=tv/rossiya24',3,'0',0),(153,111,'http://192.168.34.51:8008/autoproxy_json.php?server=s01/8080&amp;stream=tv/ntv_mir',3,'0',0),(154,112,'http://192.168.34.51:8008/autoproxy_json.php?server=s01/8080&amp;stream=tv/vremya',3,'0',0),(155,113,'http://192.168.34.51:8008/autoproxy_json.php?server=s01/8080&amp;stream=tv/muzika',3,'0',0),(156,114,'http://192.168.34.51:8008/autoproxy_json.php?server=s01/8080&amp;stream=tv/telecafe',3,'0',0),(157,115,'http://192.168.34.51:8008/autoproxy_json.php?server=s01/8080&amp;stream=tv/karusel',3,'0',0),(158,116,'http://192.168.34.51:8008/autoproxy_json.php?server=s01/8080&amp;stream=tv/bober',3,'0',0),(159,117,'http://192.168.34.51:8008/autoproxy_json.php?server=s01/8080&amp;stream=tv/dk_premium',3,'0',0),(160,118,'http://192.168.34.51:8008/autoproxy_json.php?server=s01/8080&amp;stream=tv/chess',3,'0',0),(161,119,'http://192.168.34.51:8008/autoproxy_json.php?server=s01/8080&amp;stream=tv/inter_plus',3,'0',0),(162,120,'http://192.168.34.51:8008/autoproxy_json.php?server=s01/8080&amp;stream=tv/1plus1_int',3,'0',0),(163,121,'http://192.168.34.51:8008/flus_token_json.php?channel=tv/mezzo',3,'0',0),(164,122,'http://192.168.34.51:8008/autoproxy_json.php?server=s01/8080&amp;stream=tv/nostalgia',3,'0',0),(165,123,'http://192.168.34.51:8008/autoproxy_json.php?server=s01/8080&amp;stream=tv/fashion',3,'0',0),(166,124,'http://192.168.34.51:8008/autoproxy_json.php?server=s01/8080&amp;stream=tv/discovery',3,'0',0),(167,125,'http://192.168.34.51:8008/autoproxy_json.php?server=s01/8080&amp;stream=tv/animal_planet',3,'0',0),(168,126,'http://192.168.34.51:8008/autoproxy_json.php?server=s01/8080&amp;stream=tv/idiscovery',3,'0',0),(169,127,'http://192.168.34.51:8008/astralink_json.php?server=s12/7711/play&amp;stream=redhd',3,'0',0),(170,128,'http://192.168.34.51:8008/astralink_json.php?server=s12/7711/play&amp;stream=402',3,'0',0),(171,129,'http://192.168.34.51:8008/astralink_json.php?server=s12/7711/play&amp;stream=215',3,'0',0),(172,130,'http://192.168.34.51:8008/autoproxy_json.php?server=s01/8080&amp;stream=tv/france24_fr',3,'0',0),(173,131,'http://192.168.34.51:8008/flus_token_json.php?channel=tv/dw_ru',3,'0',0),(174,132,'http://192.168.34.51:8008/autoproxy_json.php?server=s01/8080&amp;stream=tv/hollywood_hd',3,'0',0),(175,133,'http://192.168.34.51:8008/autoproxy_json.php?server=s01/8080&amp;stream=tv/sarafan',3,'0',0),(176,134,'http://192.168.34.51:8008/autoproxy_json.php?server=s01/8080&amp;stream=tv/sovershenno_sekretno',3,'0',0),(177,135,'http://192.168.34.51:8008/flus_token_json.php?channel=tv/fine_living',3,'0',0),(178,136,'http://192.168.34.51:8008/flus_token_json.php?channel=tv/food_network',3,'0',0),(179,137,'http://192.168.34.51:8008/autoproxy_json.php?server=s01/8080&amp;stream=tv/bollywood',3,'0',0),(180,138,'http://192.168.34.51:8008/autoproxy_json.php?server=s01/8080&amp;stream=tv/tv21',3,'0',0),(181,139,'http://192.168.34.51:8008/autoproxy_json.php?server=s01/8080&amp;stream=tv/mir_seriala',3,'0',0),(182,140,'http://192.168.34.51:8008/autoproxy_json.php?server=s01/8080&amp;stream=tv/nst',3,'0',0),(183,141,'http://192.168.34.51:8008/autoproxy_json.php?server=s01/8080&amp;stream=tv/cinema',3,'0',0),(184,142,'http://192.168.34.51:8008/autoproxy_json.php?server=s01/8080&amp;stream=tv/formula',3,'0',0),(185,143,'http://192.168.34.51:8008/autoproxy_json.php?server=s01/8080&amp;stream=tv/dw_en',3,'0',0),(186,144,'http://192.168.34.51:8008/autoproxy_json.php?server=s01/8080&amp;stream=tv/filmbox',3,'0',0),(187,145,'http://192.168.34.51:8008/autoproxy_json.php?server=s01/8080&amp;stream=tv/filmbox_arthouse',3,'0',0),(188,146,'http://192.168.34.51:8008/autoproxy_json.php?server=s01/8080&amp;stream=tv/fashionbox',3,'0',0),(189,147,'http://192.168.34.51:8008/autoproxy_json.php?server=s01/8080&amp;stream=tv/fightbox',3,'0',0),(190,148,'http://192.168.34.51:8008/autoproxy_json.php?server=s01/8080&amp;stream=tv/fastandfunbox',3,'0',0),(191,149,'http://192.168.34.51:8008/autoproxy_json.php?server=s01/8080&amp;stream=tv/docubox',3,'0',0),(192,150,'http://192.168.34.51:8008/autoproxy_json.php?server=s01/8080&amp;stream=tv/360_tunebox',3,'0',0),(193,151,'http://192.168.34.51:8008/flus_token_json.php?channel=tv/kvartal_95',3,'0',0),(194,152,'http://192.168.34.51:8008/autoproxy_json.php?server=s01/8080&amp;stream=tv/cnbc',3,'0',0),(195,153,'http://192.168.34.51:8008/autoproxy_json.php?server=s01/8080&amp;stream=tv/travel_adventure',3,'0',0),(196,154,'http://192.168.34.51:8008/autoproxy_json.php?server=s01/8080&amp;stream=tv/zagorodniy',3,'0',0),(197,155,'http://192.168.34.51:8008/autoproxy_json.php?server=s01/8080&amp;stream=tv/m-1',3,'0',0),(198,156,'http://192.168.34.51:8008/autoproxy_json.php?server=s01/8080&amp;stream=tv/lubimoe_kino',3,'0',0),(199,157,'http://192.168.34.51:8008/autoproxy_json.php?server=s01/8080&amp;stream=tv/rentv_international',3,'0',0),(200,158,'http://192.168.34.51:8008/autoproxy_json.php?server=s01/8080&amp;stream=tv/sts_international',3,'0',0),(201,159,'http://192.168.34.51:8008/autoproxy_json.php?server=s01/8080&amp;stream=tv/tnt_international',3,'0',0),(202,160,'http://192.168.34.51:8008/autoproxy_json.php?server=s12/7710/play&amp;stream=175',3,'0',0),(203,161,'http://192.168.34.51:8008/autoproxy_json.php?server=s01/8080&amp;stream=tv/english_club',3,'0',0),(204,206,'http://192.168.34.51:8008/autoproxy_json.php?server=s01/8080&amp;stream=tv/agrogaremo',3,'0',0),(205,207,'http://192.168.34.51:8008/autoproxy_json.php?server=s01/8080&amp;stream=tv/tok_tv',3,'0',0),(206,162,'http://192.168.34.51:8008/autoproxy_json.php?server=s01/8080&amp;stream=tv/zoopark',3,'0',0),(207,163,'http://192.168.34.51:8008/autoproxy_json.php?server=s01/8080&amp;stream=tv/detskiy',3,'0',0),(208,164,'http://192.168.34.51:8008/autoproxy_json.php?server=s01/8080&amp;stream=tv/viasat_sport',3,'0',0),(209,165,'http://192.168.34.51:8008/autoproxy_json.php?server=s01/8080&amp;stream=tv/viasat_nature',3,'0',0),(210,166,'http://192.168.34.51:8008/autoproxy_json.php?server=s01/8080&amp;stream=tv/viasat_history',3,'0',0),(211,167,'http://192.168.34.51:8008/autoproxy_json.php?server=s01/8080&amp;stream=tv/viasat_explore',3,'0',0),(212,168,'http://192.168.34.51:8008/autoproxy_json.php?server=s01/8080&amp;stream=tv/da_vinci',3,'0',0),(213,169,'http://192.168.34.51:8008/autoproxy_json.php?server=s01/8080&amp;stream=tv/tv1000',3,'0',0),(214,170,'http://192.168.34.51:8008/autoproxy_json.php?server=s01/8080&amp;stream=tv/tv1000_action',3,'0',0),(215,171,'http://192.168.34.51:8008/autoproxy_json.php?server=s01/8080&amp;stream=tv/tv1000_rus_kino',3,'0',0),(216,172,'http://192.168.34.51:8008/autoproxy_json.php?server=s01/8080&amp;stream=tv/rus_illusion',3,'0',0),(217,173,'http://192.168.34.51:8008/autoproxy_json.php?server=s01/8080&amp;stream=tv/illusion_plus',3,'0',0),(218,174,'http://192.168.34.51:8008/autoproxy_json.php?server=s01/8080&amp;stream=tv/evrokino',3,'0',0),(219,175,'http://192.168.34.51:8008/autoproxy_json.php?server=s01/8080&amp;stream=tv/auto24',3,'0',0),(220,176,'http://192.168.34.51:8008/autoproxy_json.php?server=s01/8080&amp;stream=tv/zee_russia',3,'0',0),(221,177,'http://192.168.34.51:8008/autoproxy_json.php?server=s01/8080&amp;stream=tv/domashniy_int',3,'0',0),(222,178,'http://192.168.34.51:8008/autoproxy_json.php?server=s01/8080&amp;stream=tv/tv3_int',3,'0',0),(223,179,'http://192.168.34.51:8008/autoproxy_json.php?server=s01/8080&amp;stream=tv/tvc_int',3,'0',0),(224,180,'http://192.168.34.51:8008/autoproxy_json.php?server=s01/8080&amp;stream=tv/peretz_int',3,'0',0),(225,181,'http://192.168.34.51:8008/autoproxy_json.php?server=s01/8080&amp;stream=tv/oruzhie',3,'0',0),(226,182,'http://192.168.34.51:8008/getlink_json.php?channel=tv/pyatnitsa_int',3,'0',0),(227,183,'http://192.168.34.51:8008/autoproxy_json.php?server=s01/8080&amp;stream=tv/indiskoe_kino',3,'0',0),(228,184,'http://192.168.34.51:8008/autoproxy_json.php?server=s01/8080&amp;stream=tv/nashe_novoe_kino',3,'0',0),(229,185,'http://192.168.34.51:8008/autoproxy_json.php?server=s01/8080&amp;stream=tv/muzhskoe_kino',3,'0',0),(230,186,'http://192.168.34.51:8008/autoproxy_json.php?server=s01/8080&amp;stream=tv/kinomix',3,'0',0),(231,187,'http://192.168.34.51:8008/autoproxy_json.php?server=s01/8080&amp;stream=tv/kvn',3,'0',0),(232,188,'http://192.168.34.51:8008/autoproxy_json.php?server=s01/8080&amp;stream=tv/rodnoe_kino',3,'0',0),(233,189,'http://192.168.34.51:8008/autoproxy_json.php?server=s01/8080&amp;stream=tv/kinokomedya',3,'0',0),(234,190,'http://192.168.34.51:8008/autoproxy_json.php?server=s01/8080&amp;stream=tv/kinoseriya',3,'0',0),(235,191,'http://192.168.34.51:8008/autoproxy_json.php?server=s01/8080&amp;stream=tv/kinohit',3,'0',0),(236,192,'http://192.168.34.51:8008/autoproxy_json.php?server=s01/8080&amp;stream=tv/kinosvidanie',3,'0',0),(237,193,'http://192.168.34.51:8008/autoproxy_json.php?server=s01/8080&amp;stream=tv/kinosemya',3,'0',0),(238,194,'http://192.168.34.51:8008/autoproxy_json.php?server=s01/8080&amp;stream=tv/auto_plus',3,'0',0),(239,195,'http://192.168.34.51:8008/autoproxy_json.php?server=s01/8080&amp;stream=tv/365_dney',3,'0',0),(240,196,'http://192.168.34.51:8008/autoproxy_json.php?server=s01/8080&amp;stream=tv/la_minor',3,'0',0),(241,197,'http://192.168.34.51:8008/getlink_json.php?channel=tv/zhara',3,'0',0),(242,198,'http://192.168.34.51:8008/autoproxy_json.php?server=s01/8080&amp;stream=tv/kuhnya',3,'0',0),(243,199,'http://192.168.34.51:8008/autoproxy_json.php?server=s01/8080&amp;stream=tv/match_planeta',3,'0',0),(244,200,'http://192.168.34.51:8008/getlink_json.php?channel=tv/hdl',3,'0',0),(245,201,'http://192.168.34.51:8008/getlink_json.php?channel=tv/kinopremiera',3,'0',0),(246,202,'http://192.168.34.51:8008/autoproxy_json.php?server=s01/8080&amp;stream=tv/planeta_hd',3,'0',0),(247,203,'http://192.168.34.51:8008/autoproxy_json.php?server=s01/8080&amp;stream=tv/amedia_premium',3,'0',0),(248,204,'http://192.168.34.51:8008/autoproxy_json.php?server=s01/8080&amp;stream=tv/amedia_hit',3,'0',0),(249,205,'http://192.168.34.51:8008/autoproxy_json.php?server=s01/8080&amp;stream=tv/amedia1',3,'0',0),(250,208,'http://192.168.34.51:8008/autoproxy_json.php?server=s01/8080&amp;stream=tv/fenix_kino',3,'0',0),(251,209,'http://192.168.34.51:8008/getlink_json.php?channel=tv/boxtv',3,'0',0),(252,210,'http://192.168.34.51:8008/autoproxy_json.php?server=s01/8080&amp;stream=tv/vip_family',3,'0',0),(253,211,'http://192.168.34.51:8008/autoproxy_json.php?server=s01/8080&amp;stream=tv/vip_hit',3,'0',0),(254,212,'http://192.168.34.51:8008/autoproxy_json.php?server=s01/8080&amp;stream=tv/vip_hd',3,'0',0),(255,213,'http://192.168.34.51:8008/autoproxy_json.php?server=s01/8080&amp;stream=tv/artarea',3,'0',0),(256,214,'http://192.168.34.51:8008/autoproxy_json.php?server=s01/8080&amp;stream=tv/enki-benki',3,'0',0),(257,215,'http://192.168.34.51:8008/autoproxy_json.php?server=s01/8080&amp;stream=tv/bbb',3,'0',0),(258,216,'http://192.168.34.51:8008/autoproxy_json.php?server=s01/8080&amp;stream=tv/pulsi_tv',3,'0',0),(259,217,'http://192.168.34.51:8008/autoproxy_json.php?server=s01/8080&amp;stream=tv/sdasu_tv',3,'0',0),(260,218,'http://192.168.34.51:8008/autoproxy_json.php?server=s01/8080&amp;stream=tv/l_tv',3,'0',0),(261,219,'http://192.168.34.51:8008/getlink_json.php?channel=tv/hitv',3,'0',0),(262,220,'http://192.168.34.51:8008/autoproxy_json.php?server=s01/8080&amp;stream=tv/music_box_tbilisi',3,'0',0),(263,221,'http://192.168.34.51:8008/getlink_json.php?channel=tv/food_tv',3,'0',0),(264,222,'http://192.168.34.51:8008/autoproxy_json.php?server=s01/8080&amp;stream=tv/imervizia',3,'0',0),(265,223,'http://192.168.34.51:8008/autoproxy_json.php?server=s01/8080&amp;stream=tv/starvision',3,'0',0),(266,225,'http://192.168.34.51:8008/autoproxy_json.php?server=s01/8080&amp;stream=tv/gurjaani_tv',3,'0',0),(267,224,'http://192.168.34.51:8008/autoproxy_json.php?server=s01/8080&amp;stream=tv/marneuli_tv',3,'0',0),(268,226,'http://192.168.34.51:8008/autoproxy_json.php?server=s01/8080&amp;stream=tv/setanta_sports_1_ge',3,'0',0),(269,227,'http://192.168.34.51:8008/autoproxy_json.php?server=s01/8080&amp;stream=tv/setanta_sports_2_ge',3,'0',0),(270,228,'http://192.168.34.51:8008/getlink_json.php?channel=tv/ua_tv',3,'0',0),(271,229,'http://192.168.34.51:8008/getlink_json.php?channel=tv/tmb_turk',3,'0',0),(272,230,'http://192.168.34.51:8008/autoproxy_json.php?server=s01/8080&amp;stream=tv/shoni',3,'0',0),(273,231,'http://192.168.34.51:8008/getlink_json.php?channel=tv/tvmax',3,'0',0),(274,232,'http://192.168.34.51:8008/getlink_json.php?channel=tv/insport',3,'0',0),(275,233,'http://192.168.34.51:8008/autoproxy_json.php?server=s01/8080&amp;stream=tv/belarus24',3,'0',0),(276,234,'http://192.168.34.51:8008/autoproxy_json.php?server=s01/8080&amp;stream=tv/postv',3,'0',0),(277,235,'http://192.168.34.51:8008/getlink_json.php?channel=tv/akhali',3,'0',0),(278,236,'http://192.168.34.51:8008/autoproxy_json.php?server=s01/8080&amp;stream=tv/metskhre_talga',3,'0',0),(280,237,'http://192.168.34.51:8008/autoproxy_json.php?server=s01/8080&amp;stream=tv/setanta_sports_3_ge',3,'0',0),(281,238,'http://192.168.34.51:8008/autoproxy_json.php?server=s01/8080&amp;stream=tv/vostok',3,'0',0),(282,239,'http://192.168.34.51:8008/autoproxy_json.php?server=s01/8080&amp;stream=tv/az_tv',3,'0',0),(283,240,'http://192.168.34.51:8008/autoproxy_json.php?server=s01/8080&amp;stream=tv/armenia_tv',3,'0',0),(284,241,'http://192.168.34.51:8008/autoproxy_json.php?server=s01/8080&amp;stream=tv/tv5_batumi',3,'0',0),(285,242,'http://192.168.34.51:8008/autoproxy_json.php?server=s01/8080&amp;stream=tv/meteo24',3,'0',0),(286,243,'http://192.168.34.51:8008/getlink_json.php?channel=tv/adjarasport2',3,'0',0),(287,244,'http://192.168.34.51:8008/autoproxy_json.php?server=s01/8080&amp;stream=tv/girchi',3,'0',0),(288,245,'http://192.168.34.51:8008/getlink_json.php?channel=covid-19',3,'0',0),(289,246,'udp://@239.252.100.100:1234',4,'0',0),(290,247,'http://192.168.34.51:8008/getlink_json.php?channel=tv/universe',3,'0',0),(291,248,'http://192.168.34.51:8008/autoproxy_json.php?server=s01/8080&amp;stream=tv/euronewsgeorgia',3,'0',0),(292,249,'http://192.168.34.51:8008/autoproxy_json.php?server=s01/8080&amp;stream=tv/ilioni',3,'0',0),(293,250,'http://192.168.34.51:8008/autoproxy_json.php?server=s01/8080&amp;stream=tv/gms',3,'0',0),(294,251,'http://192.168.34.51:8008/autoproxy_json.php?server=s01/8080&amp;stream=tv/green_tv',3,'0',0),(295,252,'http://192.168.34.51:8008/autoproxy_json.php?server=s01/8080&amp;stream=tv/tanamgzavri',3,'0',0),(296,253,'http://192.168.34.51:8008/autoproxy_json.php?server=s01/8080&amp;stream=tv/alt_info',3,'0',0),(297,254,'http://192.168.34.51:8008/autoproxy_json.php?server=s01/8080&amp;stream=tv/s1',3,'0',0),(298,255,'udp://@226.11.3.20:10320',4,'0',0),(299,256,'udp://@226.11.3.19:10319',4,'0',0),(300,257,'udp://@226.1.3.20:10320',4,'0',0),(301,258,'udp://@226.1.3.19:10319',4,'0',0),(302,259,'udp://@226.1.1.5:10105',4,'0',0),(303,260,'udp://@226.1.1.4:10104',4,'0',0),(304,261,'udp://@226.1.1.71:10171',4,'0',0),(306,263,'http://192.168.34.51:8008/flus_token_json.php?channel=tv/motorsport',3,'0',0),(307,264,'http://192.168.34.51:8008/flus_token_json.php?channel=tv/smilik',3,'0',0),(308,265,'udp://@239.252.100.213:1234',4,'0',0),(309,266,'udp://@239.252.100.105:1234',4,'0',0),(310,267,'http://192.168.34.51:8008/autoproxy_json.php?server=s01/8080&amp;stream=tv/spb_5_int',3,'0',0),(311,268,'http://192.168.34.51:8008/autoproxy_json.php?server=s01/8080&amp;stream=tv/amedia2',3,'0',0),(312,269,'http://192.168.34.51:8008/autoproxy_json.php?server=s01/8080&amp;stream=tv/9_volna',3,'0',0),(313,270,'http://192.168.34.51:8008/autoproxy_json.php?server=s01/8080&amp;stream=tv/khl',3,'0',0),(314,271,'http://192.168.34.51:8008/flus_token_json.php?channel=tv/kaleidoskop',3,'0',0),(315,272,'http://192.168.34.51:8008/flus_token_json.php?channel=tv/one_1_music',3,'0',0),(316,273,'http://192.168.34.51:8008/autoproxy_json.php?server=s01/8080&amp;stream=tv/gmtv',3,'0',0),(317,274,'http://192.168.34.51:8008/autoproxy_json.php?server=s01/8080&amp;stream=tv/kto_est_kto',3,'0',0),(318,275,'http://192.168.34.51:8008/getlink_json.php?channel=tv/zhivi',3,'0',0),(319,276,'http://192.168.34.51:8008/autoproxy_json.php?server=s01/8080&amp;stream=tv/kinouzhas',3,'0',0),(320,277,'http://192.168.34.51:8008/flus_token_json.php?channel=tv/trt_1',3,'0',0),(321,278,'http://192.168.34.51:8008/flus_token_json.php?channel=tv/show_tv',3,'0',0),(322,279,'http://192.168.34.51:8008/getlink_json.php?channel=tv/ctv_ge',3,'0',0),(323,280,'http://192.168.34.51:8008/autoproxy_json.php?server=s01/8080&amp;stream=tv/monitoring',3,'0',0),(324,281,'http://192.168.34.51:8008/autoproxy_json.php?server=s01/8080&amp;stream=tv/odishi',3,'0',0),(325,282,'http://192.168.34.51:8008/autoproxy_json.php?server=s01/8080&amp;stream=tv/season',3,'0',0),(326,283,'http://192.168.34.51:8008/autoproxy_json.php?server=s01/8080&amp;stream=tv/arirang_world',3,'0',0),(327,284,'http://192.168.34.51:8008/getlink_json.php?channel=tv/mall',3,'0',0),(328,285,'http://192.168.34.51:8008/autoproxy_json.php?server=s11/7718/play&amp;stream=a018',3,'0',0),(329,286,'http://192.168.34.51:8008/autoproxy_json.php?server=s11/7718/play&amp;stream=a019',3,'0',0),(330,287,'http://192.168.34.51:8008/autoproxy_json.php?server=s11/7718/play&amp;stream=a01a',3,'0',0),(331,291,'http://192.168.34.51:8008/autoproxy_json.php?server=s11/7713/play&amp;stream=66',3,'0',0),(332,292,'http://192.168.34.51:8008/autoproxy_json.php?server=s11/7713/play&amp;stream=67',3,'0',0),(333,293,'http://192.168.34.51:8008/autoproxy_json.php?server=s11/7713/play&amp;stream=68',3,'0',0),(334,294,'http://192.168.34.51:8008/autoproxy_json.php?server=s11/7713/play&amp;stream=71',3,'0',0),(335,289,'http://192.168.34.51:8008/autoproxy_json.php?server=s12/7711/play&amp;stream=match_boets',3,'0',0),(336,290,'http://192.168.34.51:8008/autoproxy_json.php?server=s12/7711/play&amp;stream=a029',3,'0',0),(337,288,'http://192.168.34.51:8008/autoproxy_json.php?server=s12/7711/play&amp;stream=a02x',3,'0',0),(338,295,'http://192.168.34.51:8008/autoproxy_json.php?server=s12/7711/play&amp;stream=211',3,'0',0),(339,296,'http://192.168.34.51:8008/autoproxy_json.php?server=s12/7711/play&amp;stream=62',3,'0',0),(340,297,'http://192.168.34.51:8008/autoproxy_json.php?server=s12/7711/play&amp;stream=63',3,'0',0),(341,298,'http://192.168.34.51:8008/autoproxy_json.php?server=s12/7711/play&amp;stream=a01u',3,'0',0),(342,300,'http://192.168.34.51:8008/autoproxy_json.php?server=s12/7711/play&amp;stream=266',3,'0',0),(343,299,'http://192.168.34.51:8008/autoproxy_json.php?server=s12/7711/play&amp;stream=a01s',3,'0',0),(344,301,'http://192.168.34.51:8008/autoproxy_json.php?server=s12/7712/play&amp;stream=planbHD',3,'0',0),(345,302,'http://192.168.34.51:8008/autoproxy_json.php?server=s12/7712/play&amp;stream=341',3,'0',0),(346,303,'http://192.168.34.51:8008/autoproxy_json.php?server=s12/7712/play&amp;stream=342',3,'0',0),(347,304,'http://192.168.34.51:8008/autoproxy_json.php?server=s12/7711/play&amp;stream=a02a',3,'0',0),(348,305,'http://192.168.34.51:8008/autoproxy_json.php?server=s12/7703/play&amp;stream=tvRain',3,'0',0),(349,306,'http://192.168.34.51:8008/autoproxy_json.php?server=s12/7710/play&amp;stream=mtvrus',3,'0',0),(350,307,'http://192.168.34.51:8008/autoproxy_json.php?server=s12/7710/play&amp;stream=mtv80s',3,'0',0),(351,308,'http://192.168.34.51:8008/autoproxy_json.php?server=s12/7710/play&amp;stream=mtv00s',3,'0',0),(352,309,'http://192.168.34.51:8008/autoproxy_json.php?server=s12/7712/play&amp;stream=58',3,'0',0),(353,310,'http://192.168.34.51:8008/autoproxy_json.php?server=s12/7711/play&amp;stream=59',3,'0',0),(354,311,'http://192.168.34.51:8008/autoproxy_json.php?server=s11/7713/play&amp;stream=mtv_live',3,'0',0),(355,312,'http://192.168.34.51:8008/getlink_json.php?channel=ukr-live-cam1',3,'0',0),(356,313,'http://192.168.34.51:8008/autoproxy_json.php?server=s12/7710/play&amp;stream=mtv90s',3,'0',0),(357,314,'http://192.168.34.51:8008/autoproxy_json.php?server=s12/7703/play&amp;stream=pobeda',3,'0',0),(358,315,'http://192.168.34.51:8008/autoproxy_json.php?server=s12/7702/play&amp;stream=236',3,'0',0),(359,316,'http://192.168.34.51:8008/autoproxy_json.php?server=s12/7702/play&amp;stream=121',3,'0',0),(360,317,'http://192.168.34.51:8008/autoproxy_json.php?server=s12/7702/play&amp;stream=237',3,'0',0),(361,318,'http://192.168.34.51:8008/autoproxy_json.php?server=s12/7702/play&amp;stream=220',3,'0',0),(362,319,'http://192.168.34.51:8008/autoproxy_json.php?server=s11/7715/play&amp;stream=a015',3,'0',0),(363,320,'http://192.168.34.51:8008/autoproxy_json.php?server=s01/8080&amp;stream=tv/bmg',3,'0',0),(364,262,'http://192.168.34.51:8008/autoproxy_json.php?server=s11/7704/play&amp;stream=gttv',3,'0',0),(367,321,'http://192.168.34.51:8008/autoproxy_json.php?server=s01/8080&amp;stream=tv/eri_media',3,'0',0),(368,322,'http://192.168.34.51:8008/autoproxy_json.php?server=s01/8080&amp;stream=tv/tv12',3,'0',0),(369,323,'http://192.168.34.51:8008/autoproxy_json.php?server=s01/8080&amp;stream=tv/comedytv',3,'0',0),(370,324,'http://192.168.34.51:8008/autoproxy_json.php?server=s01/8080&amp;stream=tv/egrisi',3,'0',0),(371,325,'http://192.168.34.51:8008/autoproxy_json.php?server=s01/8080&amp;stream=tv/tvplus',3,'0',0),(372,326,'http://192.168.34.51:8008/autoproxy_json.php?server=s01/8080&amp;stream=tv/rbc',3,'0',0),(378,327,'http://192.168.34.51:8008/autoproxy_json.php?server=s12/7711/play&amp;stream=ch2x2',3,'0',0),(379,328,'http://192.168.34.51:8008/autoproxy_json.php?server=s12/7711/play&amp;stream=chtnt4',3,'0',0),(380,329,'http://192.168.34.51:8008/autoproxy_json.php?server=s12/7711/play&amp;stream=chBridge',3,'0',0),(381,330,'http://192.168.34.51:8008/autoproxy_json.php?server=s12/7711/play&amp;stream=chBridgeHits',3,'0',0),(382,331,'http://192.168.34.51:8008/autoproxy_json.php?server=s12/7711/play&amp;stream=chBridgeClassic',3,'0',0),(383,334,'http://192.168.34.51:8008/autoproxy_json.php?server=s12/7711/play&amp;stream=chBridgeShl',3,'0',0),(384,332,'http://192.168.34.51:8008/autoproxy_json.php?server=s12/7711/play&amp;stream=chBridgeRuHits',3,'0',0),(385,333,'http://192.168.34.51:8008/autoproxy_json.php?server=s12/7711/play&amp;stream=chBridgeRock',3,'0',0),(386,335,'http://192.168.34.51:8008/autoproxy_json.php?server=s01/8080&amp;stream=tv/sferonews',3,'0',0),(387,336,'http://192.168.34.51:8008/autoproxy_json.php?server=s01/8080&amp;stream=tv/parlamenti',3,'0',0),(390,337,'http://192.168.34.51:8008/autoproxy_json.php?server=s01/8080&amp;stream=tv/arttvplus',3,'0',0),(391,342,'http://192.168.34.51:8008/autoproxy_json.php?server=s01/8080&amp;stream=tv/tv1000_novella',3,'0',0),(392,338,'http://192.168.34.51:8008/autoproxy_json.php?server=s12/7712/play&amp;stream=suspense',3,'0',0),(393,339,'http://192.168.34.51:8008/autoproxy_json.php?server=s12/7712/play&amp;stream=romance',3,'0',0),(394,340,'http://192.168.34.51:8008/autoproxy_json.php?server=s12/7712/play&amp;stream=tv3HD',3,'0',0),(395,341,'http://192.168.34.51:8008/autoproxy_json.php?server=s12/7712/play&amp;stream=cartoon_classic',3,'0',0),(396,343,'http://192.168.34.51:8008/autoproxy_json.php?server=s12/7702/play&amp;stream=BelarusTomorrow',3,'0',0),(397,344,'http://192.168.34.51:8008/autoproxy_json.php?server=s12/7702/play&amp;stream=svoboda',3,'0',0),(398,345,'http://192.168.34.51:8008/autoproxy_json.php?server=s12/7702/play&amp;stream=GordonLive',3,'0',0),(399,346,'http://192.168.34.51:8008/autoproxy_json.php?server=s12/7702/play&amp;stream=OstWest24',3,'0',0),(400,347,'http://192.168.34.51:8008/autoproxy_json.php?server=s12/7702/play&amp;stream=tv8',3,'0',0),(401,349,'http://192.168.34.51:8008/autoproxy_json.php?server=s12/7712/play&amp;stream=1mustv',3,'0',0),(402,350,'http://192.168.34.51:8008/autoproxy_json.php?server=s12/7712/play&amp;stream=kongresstv',3,'0',0),(403,351,'http://192.168.34.51:8008/autoproxy_json.php?server=s12/7712/play&amp;stream=apetitny',3,'0',0),(404,352,'http://192.168.34.51:8008/autoproxy_json.php?server=s12/7712/play&amp;stream=TheExplorers',3,'0',0),(405,353,'http://192.168.34.51:8008/autoproxy_json.php?server=s12/7703/play&amp;stream=eurasia',3,'0',0),(406,354,'http://192.168.34.51:8008/autoproxy_json.php?server=s12/7703/play&amp;stream=xsport',3,'0',0),(407,355,'http://192.168.34.51:8008/autoproxy_json.php?server=s12/7703/play&amp;stream=m1',3,'0',0),(408,356,'http://192.168.34.51:8008/autoproxy_json.php?server=s12/7703/play&amp;stream=m2',3,'0',0),(409,357,'http://192.168.34.51:8008/autoproxy_json.php?server=s01/8080&amp;stream=tv/rcheuli',3,'0',0),(410,359,'http://192.168.34.51:8008/autoproxy_json.php?server=s12/7711/play&amp;stream=chBridgeEthno',3,'0',0),(411,360,'http://192.168.34.51:8008/autoproxy_json.php?server=s12/7711/play&amp;stream=chBridgeFresh',3,'0',0),(412,358,'http://192.168.34.51:8008/autoproxy_json.php?server=s12/7711/play&amp;stream=chBridgeDeluxe',3,'0',0),(413,361,'http://192.168.34.51:8008/autoproxy_json.php?server=s12/7711/play&amp;stream=vkus',3,'0',0),(414,362,'http://192.168.34.51:8008/autoproxy_json.php?server=s12/7711/play&amp;stream=rtDoc',3,'0',0),(415,363,'http://192.168.34.51:8008/autoproxy_json.php?server=s12/7711/play&amp;stream=rtRegion',3,'0',0),(416,364,'http://192.168.34.51:8008/autoproxy_json.php?server=s12/7711/play&amp;stream=babyTime',3,'0',0),(417,365,'http://192.168.34.51:8008/autoproxy_json.php?server=s12/7711/play&amp;stream=ruTv',3,'0',0),(418,366,'http://192.168.34.51:8008/autoproxy_json.php?server=s01/8080&amp;stream=tv/mze',3,'0',0),(419,367,'http://192.168.34.51:8008/autoproxy_json.php?server=s01/8080&amp;stream=tv/aia',3,'0',0),(420,369,'http://192.168.34.51:8008/autoproxy_json.php?server=s11/7706/play&amp;stream=dazn1',3,'0',0),(421,370,'http://192.168.34.51:8008/autoproxy_json.php?server=s11/7706/play&amp;stream=dazn2',3,'0',0),(422,368,'http://192.168.34.51:8008/autoproxy_json.php?server=s11/7708/play&amp;stream=megogo_sport',3,'0',0),(423,371,'http://192.168.34.51:8008/autoproxy_json.php?server=s01/8080&amp;stream=tv/tv36',3,'0',0),(424,372,'http://192.168.34.51:8008/autoproxy_json.php?server=s01/8080&amp;stream=tv/europe24',3,'0',0),(425,373,'	http://192.168.34.51:8008/autoproxy_json.php?server=s01/8080&amp;stream=tv/chveni_arkhi',3,'0',0),(426,22,'',0,'0',0),(427,22,'',0,'0',0),(428,22,'',0,'0',0);
/*!40000 ALTER TABLE `legacy_channel_urls` ENABLE KEYS */;
UNLOCK TABLES;

--
-- Table structure for table `epg_version`
--
